N_PROF,N_LEVELS,TEMP,PSAL,PRES,latitude,longitude,time
0,0,28.935,33.874,4.2,-8.2858,107.0376,2025-01-31 23:56:21
0,1,28.937,33.875,6.0,-8.2858,107.0376,2025-01-31 23:56:21
0,2,28.937,33.875,8.0,-8.2858,107.0376,2025-01-31 23:56:21
0,3,28.937,33.875,10.0,-8.2858,107.0376,2025-01-31 23:56:21
0,4,28.938,33.875,12.0,-8.2858,107.0376,2025-01-31 23:56:21
0,5,28.938,33.875,14.0,-8.2858,107.0376,2025-01-31 23:56:21
0,6,28.939,33.875,16.0,-8.2858,107.0376,2025-01-31 23:56:21
0,7,28.938,33.875,18.0,-8.2858,107.0376,2025-01-31 23:56:21
0,8,28.939,33.875,20.0,-8.2858,107.0376,2025-01-31 23:56:21
0,9,28.939,33.875,22.0,-8.2858,107.0376,2025-01-31 23:56:21
0,10,28.939,33.875,24.0,-8.2858,107.0376,2025-01-31 23:56:21
0,11,28.94,33.875,26.0,-8.2858,107.0376,2025-01-31 23:56:21
0,12,28.94,33.875,28.0,-8.2858,107.0376,2025-01-31 23:56:21
0,13,28.94,33.875,30.0,-8.2858,107.0376,2025-01-31 23:56:21
0,14,28.94,33.875,32.0,-8.2858,107.0376,2025-01-31 23:56:21
0,15,28.941,33.875,34.0,-8.2858,107.0376,2025-01-31 23:56:21
0,16,28.941,33.875,36.0,-8.2858,107.0376,2025-01-31 23:56:21
0,17,28.941,33.875,38.0,-8.2858,107.0376,2025-01-31 23:56:21
0,18,28.941,33.875,40.0,-8.2858,107.0376,2025-01-31 23:56:21
0,19,28.941,33.875,42.0,-8.2858,107.0376,2025-01-31 23:56:21
0,20,28.94,33.875,44.0,-8.2858,107.0376,2025-01-31 23:56:21
0,21,28.943,33.875,46.0,-8.2858,107.0376,2025-01-31 23:56:21
0,22,28.944,33.876,48.0,-8.2858,107.0376,2025-01-31 23:56:21
0,23,28.947,33.876,50.0,-8.2858,107.0376,2025-01-31 23:56:21
0,24,28.947,33.876,52.0,-8.2858,107.0376,2025-01-31 23:56:21
0,25,28.948,33.876,54.0,-8.2858,107.0376,2025-01-31 23:56:21
0,26,28.949,33.876,56.0,-8.2858,107.0376,2025-01-31 23:56:21
0,27,28.951,33.877,58.0,-8.2858,107.0376,2025-01-31 23:56:21
0,28,28.954,33.879,60.0,-8.2858,107.0376,2025-01-31 23:56:21
0,29,28.955,33.879,62.0,-8.2858,107.0376,2025-01-31 23:56:21
0,30,28.956,33.88,64.0,-8.2858,107.0376,2025-01-31 23:56:21
0,31,28.957,33.879,66.0,-8.2858,107.0376,2025-01-31 23:56:21
0,32,28.957,33.879,68.0,-8.2858,107.0376,2025-01-31 23:56:21
0,33,28.958,33.881,70.0,-8.2858,107.0376,2025-01-31 23:56:21
0,34,28.966,33.888,72.0,-8.2858,107.0376,2025-01-31 23:56:21
0,35,28.978,33.9,74.0,-8.2858,107.0376,2025-01-31 23:56:21
0,36,29.003,33.935,76.0,-8.2858,107.0376,2025-01-31 23:56:21
0,37,29.045,34.005,78.0,-8.2858,107.0376,2025-01-31 23:56:21
0,38,29.07,34.054,80.0,-8.2858,107.0376,2025-01-31 23:56:21
0,39,29.068,34.059,82.0,-8.2858,107.0376,2025-01-31 23:56:21
0,40,29.069,34.064,84.0,-8.2858,107.0376,2025-01-31 23:56:21
0,41,29.073,34.065,86.0,-8.2858,107.0376,2025-01-31 23:56:21
0,42,29.071,34.068,88.0,-8.2858,107.0376,2025-01-31 23:56:21
0,43,29.07,34.069,90.0,-8.2858,107.0376,2025-01-31 23:56:21
0,44,29.067,34.072,92.0,-8.2858,107.0376,2025-01-31 23:56:21
0,45,29.068,34.072,94.0,-8.2858,107.0376,2025-01-31 23:56:21
0,46,29.065,34.073,96.0,-8.2858,107.0376,2025-01-31 23:56:21
0,47,29.062,34.074,98.0,-8.2858,107.0376,2025-01-31 23:56:21
0,48,29.04,34.075,100.0,-8.2858,107.0376,2025-01-31 23:56:21
0,49,29.017,34.074,102.0,-8.2858,107.0376,2025-01-31 23:56:21
0,50,28.993,34.073,104.0,-8.2858,107.0376,2025-01-31 23:56:21
0,51,28.971,34.073,106.0,-8.2858,107.0376,2025-01-31 23:56:21
0,52,28.934,34.074,108.0,-8.2858,107.0376,2025-01-31 23:56:21
0,53,28.902,34.079,110.0,-8.2858,107.0376,2025-01-31 23:56:21
0,54,28.887,34.087,112.0,-8.2858,107.0376,2025-01-31 23:56:21
0,55,28.806,34.137,114.0,-8.2858,107.0376,2025-01-31 23:56:21
0,56,28.732,34.187,116.0,-8.2858,107.0376,2025-01-31 23:56:21
0,57,28.733,34.197,118.0,-8.2858,107.0376,2025-01-31 23:56:21
0,58,28.699,34.217,120.0,-8.2858,107.0376,2025-01-31 23:56:21
0,59,28.64,34.251,122.1,-8.2858,107.0376,2025-01-31 23:56:21
0,60,28.592,34.289,123.9,-8.2858,107.0376,2025-01-31 23:56:21
0,61,28.325,34.344,125.9,-8.2858,107.0376,2025-01-31 23:56:21
0,62,27.993,34.402,128.0,-8.2858,107.0376,2025-01-31 23:56:21
0,63,27.891,34.421,130.1,-8.2858,107.0376,2025-01-31 23:56:21
0,64,27.816,34.434,132.0,-8.2858,107.0376,2025-01-31 23:56:21
0,65,27.616,34.469,133.9,-8.2858,107.0376,2025-01-31 23:56:21
0,66,27.027,34.528,136.0,-8.2858,107.0376,2025-01-31 23:56:21
0,67,26.668,34.559,138.0,-8.2858,107.0376,2025-01-31 23:56:21
0,68,26.619,34.563,140.1,-8.2858,107.0376,2025-01-31 23:56:21
0,69,26.439,34.567,142.2,-8.2858,107.0376,2025-01-31 23:56:21
0,70,26.253,34.567,143.8,-8.2858,107.0376,2025-01-31 23:56:21
0,71,26.123,34.564,145.9,-8.2858,107.0376,2025-01-31 23:56:21
0,72,25.577,34.628,148.0,-8.2858,107.0376,2025-01-31 23:56:21
0,73,24.766,34.692,150.1,-8.2858,107.0376,2025-01-31 23:56:21
0,74,22.305,34.676,152.4,-8.2858,107.0376,2025-01-31 23:56:21
0,75,22.043,34.676,153.6,-8.2858,107.0376,2025-01-31 23:56:21
0,76,19.819,34.625,155.9,-8.2858,107.0376,2025-01-31 23:56:21
0,77,17.371,34.587,157.9,-8.2858,107.0376,2025-01-31 23:56:21
0,78,15.068,34.601,160.0,-8.2858,107.0376,2025-01-31 23:56:21
0,79,14.03,34.571,162.0,-8.2858,107.0376,2025-01-31 23:56:21
0,80,13.79,34.566,164.0,-8.2858,107.0376,2025-01-31 23:56:21
0,81,13.45,34.561,166.0,-8.2858,107.0376,2025-01-31 23:56:21
0,82,13.07,34.562,168.0,-8.2858,107.0376,2025-01-31 23:56:21
0,83,12.942,34.564,170.0,-8.2858,107.0376,2025-01-31 23:56:21
0,84,12.874,34.564,172.0,-8.2858,107.0376,2025-01-31 23:56:21
0,85,12.777,34.565,174.0,-8.2858,107.0376,2025-01-31 23:56:21
0,86,12.64,34.571,176.0,-8.2858,107.0376,2025-01-31 23:56:21
0,87,12.549,34.575,178.0,-8.2858,107.0376,2025-01-31 23:56:21
0,88,12.484,34.582,180.1,-8.2858,107.0376,2025-01-31 23:56:21
0,89,12.398,34.605,182.0,-8.2858,107.0376,2025-01-31 23:56:21
0,90,12.378,34.616,184.0,-8.2858,107.0376,2025-01-31 23:56:21
0,91,12.314,34.624,186.0,-8.2858,107.0376,2025-01-31 23:56:21
0,92,12.206,34.631,188.0,-8.2858,107.0376,2025-01-31 23:56:21
0,93,12.118,34.634,190.0,-8.2858,107.0376,2025-01-31 23:56:21
0,94,12.017,34.637,192.0,-8.2858,107.0376,2025-01-31 23:56:21
0,95,11.89,34.636,194.0,-8.2858,107.0376,2025-01-31 23:56:21
0,96,11.85,34.635,196.0,-8.2858,107.0376,2025-01-31 23:56:21
0,97,11.77,34.648,198.0,-8.2858,107.0376,2025-01-31 23:56:21
0,98,11.667,34.656,200.0,-8.2858,107.0376,2025-01-31 23:56:21
0,99,11.629,34.661,202.0,-8.2858,107.0376,2025-01-31 23:56:21
0,100,11.612,34.666,204.0,-8.2858,107.0376,2025-01-31 23:56:21
0,101,11.633,34.684,206.0,-8.2858,107.0376,2025-01-31 23:56:21
0,102,11.647,34.696,208.0,-8.2858,107.0376,2025-01-31 23:56:21
0,103,11.649,34.702,210.0,-8.2858,107.0376,2025-01-31 23:56:21
0,104,11.644,34.704,212.0,-8.2858,107.0376,2025-01-31 23:56:21
0,105,11.605,34.722,214.0,-8.2858,107.0376,2025-01-31 23:56:21
0,106,11.595,34.724,216.0,-8.2858,107.0376,2025-01-31 23:56:21
0,107,11.593,34.725,218.0,-8.2858,107.0376,2025-01-31 23:56:21
0,108,11.591,34.726,220.0,-8.2858,107.0376,2025-01-31 23:56:21
0,109,11.585,34.727,222.0,-8.2858,107.0376,2025-01-31 23:56:21
0,110,11.57,34.73,224.0,-8.2858,107.0376,2025-01-31 23:56:21
0,111,11.552,34.733,226.0,-8.2858,107.0376,2025-01-31 23:56:21
0,112,11.535,34.738,228.0,-8.2858,107.0376,2025-01-31 23:56:21
0,113,11.498,34.748,230.0,-8.2858,107.0376,2025-01-31 23:56:21
0,114,11.455,34.753,232.0,-8.2858,107.0376,2025-01-31 23:56:21
0,115,11.42,34.755,234.0,-8.2858,107.0376,2025-01-31 23:56:21
0,116,11.384,34.762,236.0,-8.2858,107.0376,2025-01-31 23:56:21
0,117,11.348,34.771,238.0,-8.2858,107.0376,2025-01-31 23:56:21
0,118,11.324,34.775,240.0,-8.2858,107.0376,2025-01-31 23:56:21
0,119,11.313,34.778,242.1,-8.2858,107.0376,2025-01-31 23:56:21
0,120,11.308,34.781,244.0,-8.2858,107.0376,2025-01-31 23:56:21
0,121,11.303,34.782,246.0,-8.2858,107.0376,2025-01-31 23:56:21
0,122,11.3,34.784,248.0,-8.2858,107.0376,2025-01-31 23:56:21
0,123,11.292,34.785,250.0,-8.2858,107.0376,2025-01-31 23:56:21
0,124,11.282,34.786,252.0,-8.2858,107.0376,2025-01-31 23:56:21
0,125,11.255,34.788,254.0,-8.2858,107.0376,2025-01-31 23:56:21
0,126,11.248,34.787,256.0,-8.2858,107.0376,2025-01-31 23:56:21
0,127,11.229,34.785,258.0,-8.2858,107.0376,2025-01-31 23:56:21
0,128,11.205,34.782,260.0,-8.2858,107.0376,2025-01-31 23:56:21
0,129,11.093,34.776,262.0,-8.2858,107.0376,2025-01-31 23:56:21
0,130,10.92,34.763,264.0,-8.2858,107.0376,2025-01-31 23:56:21
0,131,10.855,34.762,266.0,-8.2858,107.0376,2025-01-31 23:56:21
0,132,10.843,34.769,268.0,-8.2858,107.0376,2025-01-31 23:56:21
0,133,10.859,34.778,270.0,-8.2858,107.0376,2025-01-31 23:56:21
0,134,10.877,34.791,272.0,-8.2858,107.0376,2025-01-31 23:56:21
0,135,10.902,34.807,274.0,-8.2858,107.0376,2025-01-31 23:56:21
0,136,10.914,34.812,276.0,-8.2858,107.0376,2025-01-31 23:56:21
0,137,10.922,34.815,278.0,-8.2858,107.0376,2025-01-31 23:56:21
0,138,10.929,34.817,280.0,-8.2858,107.0376,2025-01-31 23:56:21
0,139,10.936,34.82,282.0,-8.2858,107.0376,2025-01-31 23:56:21
0,140,10.942,34.823,284.0,-8.2858,107.0376,2025-01-31 23:56:21
0,141,10.962,34.832,286.0,-8.2858,107.0376,2025-01-31 23:56:21
0,142,10.981,34.844,288.0,-8.2858,107.0376,2025-01-31 23:56:21
0,143,10.982,34.848,290.0,-8.2858,107.0376,2025-01-31 23:56:21
0,144,10.969,34.854,292.0,-8.2858,107.0376,2025-01-31 23:56:21
0,145,10.914,34.85,294.0,-8.2858,107.0376,2025-01-31 23:56:21
0,146,10.904,34.85,296.0,-8.2858,107.0376,2025-01-31 23:56:21
0,147,10.905,34.853,298.0,-8.2858,107.0376,2025-01-31 23:56:21
0,148,10.891,34.857,300.0,-8.2858,107.0376,2025-01-31 23:56:21
0,149,10.869,34.856,302.0,-8.2858,107.0376,2025-01-31 23:56:21
0,150,10.854,34.856,304.0,-8.2858,107.0376,2025-01-31 23:56:21
0,151,10.834,34.857,306.0,-8.2858,107.0376,2025-01-31 23:56:21
0,152,10.825,34.858,308.0,-8.2858,107.0376,2025-01-31 23:56:21
0,153,10.816,34.857,310.0,-8.2858,107.0376,2025-01-31 23:56:21
0,154,10.795,34.859,312.0,-8.2858,107.0376,2025-01-31 23:56:21
0,155,10.784,34.864,314.0,-8.2858,107.0376,2025-01-31 23:56:21
0,156,10.738,34.87,316.0,-8.2858,107.0376,2025-01-31 23:56:21
0,157,10.709,34.87,318.0,-8.2858,107.0376,2025-01-31 23:56:21
0,158,10.678,34.867,320.0,-8.2858,107.0376,2025-01-31 23:56:21
0,159,10.665,34.867,322.0,-8.2858,107.0376,2025-01-31 23:56:21
0,160,10.66,34.868,324.0,-8.2858,107.0376,2025-01-31 23:56:21
0,161,10.639,34.866,326.0,-8.2858,107.0376,2025-01-31 23:56:21
0,162,10.625,34.865,328.0,-8.2858,107.0376,2025-01-31 23:56:21
0,163,10.615,34.864,330.0,-8.2858,107.0376,2025-01-31 23:56:21
0,164,10.602,34.863,332.0,-8.2858,107.0376,2025-01-31 23:56:21
0,165,10.587,34.863,334.0,-8.2858,107.0376,2025-01-31 23:56:21
0,166,10.586,34.863,336.0,-8.2858,107.0376,2025-01-31 23:56:21
0,167,10.582,34.867,338.0,-8.2858,107.0376,2025-01-31 23:56:21
0,168,10.565,34.87,340.0,-8.2858,107.0376,2025-01-31 23:56:21
0,169,10.536,34.866,342.0,-8.2858,107.0376,2025-01-31 23:56:21
0,170,10.509,34.864,344.0,-8.2858,107.0376,2025-01-31 23:56:21
0,171,10.488,34.862,346.0,-8.2858,107.0376,2025-01-31 23:56:21
0,172,10.483,34.862,348.0,-8.2858,107.0376,2025-01-31 23:56:21
0,173,10.468,34.862,350.0,-8.2858,107.0376,2025-01-31 23:56:21
0,174,10.449,34.863,352.0,-8.2858,107.0376,2025-01-31 23:56:21
0,175,10.44,34.864,354.0,-8.2858,107.0376,2025-01-31 23:56:21
0,176,10.412,34.864,356.0,-8.2858,107.0376,2025-01-31 23:56:21
0,177,10.396,34.863,358.0,-8.2858,107.0376,2025-01-31 23:56:21
0,178,10.385,34.862,360.0,-8.2858,107.0376,2025-01-31 23:56:21
0,179,10.37,34.863,362.0,-8.2858,107.0376,2025-01-31 23:56:21
0,180,10.356,34.862,364.0,-8.2858,107.0376,2025-01-31 23:56:21
0,181,10.354,34.862,366.0,-8.2858,107.0376,2025-01-31 23:56:21
0,182,10.351,34.862,368.0,-8.2858,107.0376,2025-01-31 23:56:21
0,183,10.342,34.861,370.0,-8.2858,107.0376,2025-01-31 23:56:21
0,184,10.317,34.861,372.0,-8.2858,107.0376,2025-01-31 23:56:21
0,185,10.301,34.861,374.0,-8.2858,107.0376,2025-01-31 23:56:21
0,186,10.297,34.861,376.0,-8.2858,107.0376,2025-01-31 23:56:21
0,187,10.29,34.861,378.0,-8.2858,107.0376,2025-01-31 23:56:21
0,188,10.277,34.861,380.0,-8.2858,107.0376,2025-01-31 23:56:21
0,189,10.265,34.86,382.0,-8.2858,107.0376,2025-01-31 23:56:21
0,190,10.251,34.859,384.0,-8.2858,107.0376,2025-01-31 23:56:21
0,191,10.227,34.859,386.0,-8.2858,107.0376,2025-01-31 23:56:21
0,192,10.192,34.858,388.0,-8.2858,107.0376,2025-01-31 23:56:21
0,193,10.171,34.857,390.0,-8.2858,107.0376,2025-01-31 23:56:21
0,194,10.158,34.857,392.0,-8.2858,107.0376,2025-01-31 23:56:21
0,195,10.147,34.857,394.0,-8.2858,107.0376,2025-01-31 23:56:21
0,196,10.135,34.856,396.0,-8.2858,107.0376,2025-01-31 23:56:21
0,197,10.12,34.856,398.0,-8.2858,107.0376,2025-01-31 23:56:21
0,198,10.103,34.855,400.0,-8.2858,107.0376,2025-01-31 23:56:21
0,199,10.084,34.854,402.0,-8.2858,107.0376,2025-01-31 23:56:21
0,200,10.073,34.853,404.0,-8.2858,107.0376,2025-01-31 23:56:21
0,201,10.057,34.851,406.0,-8.2858,107.0376,2025-01-31 23:56:21
0,202,10.033,34.848,408.0,-8.2858,107.0376,2025-01-31 23:56:21
0,203,10.008,34.846,410.0,-8.2858,107.0376,2025-01-31 23:56:21
0,204,9.997,34.845,412.0,-8.2858,107.0376,2025-01-31 23:56:21
0,205,9.982,34.846,414.0,-8.2858,107.0376,2025-01-31 23:56:21
0,206,9.971,34.848,416.0,-8.2858,107.0376,2025-01-31 23:56:21
0,207,9.938,34.849,418.0,-8.2858,107.0376,2025-01-31 23:56:21
0,208,9.899,34.849,420.0,-8.2858,107.0376,2025-01-31 23:56:21
0,209,9.89,34.849,422.0,-8.2858,107.0376,2025-01-31 23:56:21
0,210,9.88,34.849,424.0,-8.2858,107.0376,2025-01-31 23:56:21
0,211,9.855,34.85,426.0,-8.2858,107.0376,2025-01-31 23:56:21
0,212,9.837,34.85,428.0,-8.2858,107.0376,2025-01-31 23:56:21
0,213,9.828,34.849,430.0,-8.2858,107.0376,2025-01-31 23:56:21
0,214,9.809,34.849,432.0,-8.2858,107.0376,2025-01-31 23:56:21
0,215,9.783,34.846,434.0,-8.2858,107.0376,2025-01-31 23:56:21
0,216,9.741,34.841,436.0,-8.2858,107.0376,2025-01-31 23:56:21
0,217,9.702,34.844,438.0,-8.2858,107.0376,2025-01-31 23:56:21
0,218,9.671,34.843,440.0,-8.2858,107.0376,2025-01-31 23:56:21
0,219,9.658,34.843,442.0,-8.2858,107.0376,2025-01-31 23:56:21
0,220,9.656,34.843,444.0,-8.2858,107.0376,2025-01-31 23:56:21
0,221,9.656,34.843,446.0,-8.2858,107.0376,2025-01-31 23:56:21
0,222,9.652,34.842,448.0,-8.2858,107.0376,2025-01-31 23:56:21
0,223,9.622,34.839,450.0,-8.2858,107.0376,2025-01-31 23:56:21
0,224,9.591,34.837,452.0,-8.2858,107.0376,2025-01-31 23:56:21
0,225,9.576,34.837,454.0,-8.2858,107.0376,2025-01-31 23:56:21
0,226,9.557,34.837,456.0,-8.2858,107.0376,2025-01-31 23:56:21
0,227,9.49,34.835,458.0,-8.2858,107.0376,2025-01-31 23:56:21
0,228,9.437,34.832,460.0,-8.2858,107.0376,2025-01-31 23:56:21
0,229,9.409,34.831,462.0,-8.2858,107.0376,2025-01-31 23:56:21
0,230,9.407,34.831,464.0,-8.2858,107.0376,2025-01-31 23:56:21
0,231,9.403,34.831,466.0,-8.2858,107.0376,2025-01-31 23:56:21
0,232,9.399,34.83,468.0,-8.2858,107.0376,2025-01-31 23:56:21
0,233,9.38,34.83,470.0,-8.2858,107.0376,2025-01-31 23:56:21
0,234,9.375,34.834,472.0,-8.2858,107.0376,2025-01-31 23:56:21
0,235,9.392,34.837,474.0,-8.2858,107.0376,2025-01-31 23:56:21
0,236,9.397,34.84,476.0,-8.2858,107.0376,2025-01-31 23:56:21
0,237,9.353,34.838,478.0,-8.2858,107.0376,2025-01-31 23:56:21
0,238,9.307,34.834,480.0,-8.2858,107.0376,2025-01-31 23:56:21
0,239,9.3,34.834,482.0,-8.2858,107.0376,2025-01-31 23:56:21
0,240,9.269,34.833,484.0,-8.2858,107.0376,2025-01-31 23:56:21
0,241,9.247,34.829,486.0,-8.2858,107.0376,2025-01-31 23:56:21
0,242,9.236,34.828,488.0,-8.2858,107.0376,2025-01-31 23:56:21
0,243,9.216,34.828,490.0,-8.2858,107.0376,2025-01-31 23:56:21
0,244,9.206,34.828,492.0,-8.2858,107.0376,2025-01-31 23:56:21
0,245,9.189,34.827,494.0,-8.2858,107.0376,2025-01-31 23:56:21
0,246,9.171,34.826,496.0,-8.2858,107.0376,2025-01-31 23:56:21
0,247,9.157,34.824,498.0,-8.2858,107.0376,2025-01-31 23:56:21
0,248,9.15,34.824,500.0,-8.2858,107.0376,2025-01-31 23:56:21
0,249,9.13,34.824,502.0,-8.2858,107.0376,2025-01-31 23:56:21
0,250,9.109,34.823,504.0,-8.2858,107.0376,2025-01-31 23:56:21
0,251,9.091,34.821,506.0,-8.2858,107.0376,2025-01-31 23:56:21
0,252,9.037,34.816,508.0,-8.2858,107.0376,2025-01-31 23:56:21
0,253,9.037,34.816,510.0,-8.2858,107.0376,2025-01-31 23:56:21
0,254,9.034,34.816,512.0,-8.2858,107.0376,2025-01-31 23:56:21
0,255,9.008,34.815,514.0,-8.2858,107.0376,2025-01-31 23:56:21
0,256,8.968,34.813,516.0,-8.2858,107.0376,2025-01-31 23:56:21
0,257,8.941,34.814,518.0,-8.2858,107.0376,2025-01-31 23:56:21
0,258,8.916,34.814,520.0,-8.2858,107.0376,2025-01-31 23:56:21
0,259,8.905,34.813,522.0,-8.2858,107.0376,2025-01-31 23:56:21
0,260,8.893,34.813,524.0,-8.2858,107.0376,2025-01-31 23:56:21
0,261,8.855,34.811,526.0,-8.2858,107.0376,2025-01-31 23:56:21
0,262,8.817,34.808,528.0,-8.2858,107.0376,2025-01-31 23:56:21
0,263,8.797,34.806,530.0,-8.2858,107.0376,2025-01-31 23:56:21
0,264,8.785,34.806,532.0,-8.2858,107.0376,2025-01-31 23:56:21
0,265,8.776,34.806,534.0,-8.2858,107.0376,2025-01-31 23:56:21
0,266,8.759,34.806,536.0,-8.2858,107.0376,2025-01-31 23:56:21
0,267,8.742,34.807,538.0,-8.2858,107.0376,2025-01-31 23:56:21
0,268,8.727,34.807,540.0,-8.2858,107.0376,2025-01-31 23:56:21
0,269,8.705,34.807,542.0,-8.2858,107.0376,2025-01-31 23:56:21
0,270,8.699,34.805,544.0,-8.2858,107.0376,2025-01-31 23:56:21
0,271,8.695,34.805,546.0,-8.2858,107.0376,2025-01-31 23:56:21
0,272,8.69,34.805,548.0,-8.2858,107.0376,2025-01-31 23:56:21
0,273,8.684,34.804,550.1,-8.2858,107.0376,2025-01-31 23:56:21
0,274,8.677,34.803,552.0,-8.2858,107.0376,2025-01-31 23:56:21
0,275,8.67,34.803,554.0,-8.2858,107.0376,2025-01-31 23:56:21
0,276,8.643,34.802,555.9,-8.2858,107.0376,2025-01-31 23:56:21
0,277,8.628,34.8,558.0,-8.2858,107.0376,2025-01-31 23:56:21
0,278,8.601,34.797,560.0,-8.2858,107.0376,2025-01-31 23:56:21
0,279,8.586,34.795,562.0,-8.2858,107.0376,2025-01-31 23:56:21
0,280,8.576,34.794,564.0,-8.2858,107.0376,2025-01-31 23:56:21
0,281,8.572,34.793,566.0,-8.2858,107.0376,2025-01-31 23:56:21
0,282,8.566,34.792,568.0,-8.2858,107.0376,2025-01-31 23:56:21
0,283,8.557,34.793,570.0,-8.2858,107.0376,2025-01-31 23:56:21
0,284,8.545,34.792,572.0,-8.2858,107.0376,2025-01-31 23:56:21
0,285,8.519,34.789,574.0,-8.2858,107.0376,2025-01-31 23:56:21
0,286,8.466,34.783,576.0,-8.2858,107.0376,2025-01-31 23:56:21
0,287,8.43,34.779,578.0,-8.2858,107.0376,2025-01-31 23:56:21
0,288,8.397,34.775,580.0,-8.2858,107.0376,2025-01-31 23:56:21
0,289,8.378,34.774,582.0,-8.2858,107.0376,2025-01-31 23:56:21
0,290,8.361,34.773,584.0,-8.2858,107.0376,2025-01-31 23:56:21
0,291,8.353,34.772,586.0,-8.2858,107.0376,2025-01-31 23:56:21
0,292,8.349,34.772,588.0,-8.2858,107.0376,2025-01-31 23:56:21
0,293,8.336,34.771,590.0,-8.2858,107.0376,2025-01-31 23:56:21
0,294,8.308,34.769,592.0,-8.2858,107.0376,2025-01-31 23:56:21
0,295,8.276,34.768,594.0,-8.2858,107.0376,2025-01-31 23:56:21
0,296,8.261,34.767,596.0,-8.2858,107.0376,2025-01-31 23:56:21
0,297,8.247,34.766,598.0,-8.2858,107.0376,2025-01-31 23:56:21
0,298,8.229,34.765,600.0,-8.2858,107.0376,2025-01-31 23:56:21
0,299,8.202,34.765,602.0,-8.2858,107.0376,2025-01-31 23:56:21
0,300,8.201,34.766,604.0,-8.2858,107.0376,2025-01-31 23:56:21
0,301,8.207,34.769,606.0,-8.2858,107.0376,2025-01-31 23:56:21
0,302,8.174,34.77,608.1,-8.2858,107.0376,2025-01-31 23:56:21
0,303,8.154,34.768,610.0,-8.2858,107.0376,2025-01-31 23:56:21
0,304,8.116,34.765,612.0,-8.2858,107.0376,2025-01-31 23:56:21
0,305,8.105,34.763,614.0,-8.2858,107.0376,2025-01-31 23:56:21
0,306,8.095,34.762,616.0,-8.2858,107.0376,2025-01-31 23:56:21
0,307,8.083,34.761,618.0,-8.2858,107.0376,2025-01-31 23:56:21
0,308,8.034,34.757,620.0,-8.2858,107.0376,2025-01-31 23:56:21
0,309,7.947,34.749,622.0,-8.2858,107.0376,2025-01-31 23:56:21
0,310,7.913,34.747,624.0,-8.2858,107.0376,2025-01-31 23:56:21
0,311,7.874,34.743,626.0,-8.2858,107.0376,2025-01-31 23:56:21
0,312,7.854,34.741,628.0,-8.2858,107.0376,2025-01-31 23:56:21
0,313,7.79,34.734,630.0,-8.2858,107.0376,2025-01-31 23:56:21
0,314,7.764,34.729,632.0,-8.2858,107.0376,2025-01-31 23:56:21
0,315,7.714,34.725,634.0,-8.2858,107.0376,2025-01-31 23:56:21
0,316,7.676,34.723,636.0,-8.2858,107.0376,2025-01-31 23:56:21
0,317,7.641,34.725,638.0,-8.2858,107.0376,2025-01-31 23:56:21
0,318,7.629,34.73,640.0,-8.2858,107.0376,2025-01-31 23:56:21
0,319,7.632,34.731,642.0,-8.2858,107.0376,2025-01-31 23:56:21
0,320,7.634,34.732,644.0,-8.2858,107.0376,2025-01-31 23:56:21
0,321,7.633,34.733,646.0,-8.2858,107.0376,2025-01-31 23:56:21
0,322,7.63,34.736,648.0,-8.2858,107.0376,2025-01-31 23:56:21
0,323,7.64,34.742,650.0,-8.2858,107.0376,2025-01-31 23:56:21
0,324,7.637,34.742,652.0,-8.2858,107.0376,2025-01-31 23:56:21
0,325,7.592,34.738,654.0,-8.2858,107.0376,2025-01-31 23:56:21
0,326,7.552,34.732,656.0,-8.2858,107.0376,2025-01-31 23:56:21
0,327,7.505,34.729,658.0,-8.2858,107.0376,2025-01-31 23:56:21
0,328,7.466,34.728,660.0,-8.2858,107.0376,2025-01-31 23:56:21
0,329,7.47,34.73,662.0,-8.2858,107.0376,2025-01-31 23:56:21
0,330,7.466,34.732,664.0,-8.2858,107.0376,2025-01-31 23:56:21
0,331,7.462,34.732,666.0,-8.2858,107.0376,2025-01-31 23:56:21
0,332,7.456,34.733,668.0,-8.2858,107.0376,2025-01-31 23:56:21
0,333,7.449,34.733,670.0,-8.2858,107.0376,2025-01-31 23:56:21
0,334,7.446,34.733,672.0,-8.2858,107.0376,2025-01-31 23:56:21
0,335,7.445,34.733,674.0,-8.2858,107.0376,2025-01-31 23:56:21
0,336,7.444,34.733,676.0,-8.2858,107.0376,2025-01-31 23:56:21
0,337,7.438,34.733,678.0,-8.2858,107.0376,2025-01-31 23:56:21
0,338,7.425,34.733,680.0,-8.2858,107.0376,2025-01-31 23:56:21
0,339,7.401,34.732,682.0,-8.2858,107.0376,2025-01-31 23:56:21
0,340,7.361,34.729,684.0,-8.2858,107.0376,2025-01-31 23:56:21
0,341,7.349,34.728,686.0,-8.2858,107.0376,2025-01-31 23:56:21
0,342,7.344,34.726,688.0,-8.2858,107.0376,2025-01-31 23:56:21
0,343,7.337,34.726,690.0,-8.2858,107.0376,2025-01-31 23:56:21
0,344,7.318,34.724,692.0,-8.2858,107.0376,2025-01-31 23:56:21
0,345,7.305,34.722,694.0,-8.2858,107.0376,2025-01-31 23:56:21
0,346,7.296,34.72,696.0,-8.2858,107.0376,2025-01-31 23:56:21
0,347,7.281,34.718,698.0,-8.2858,107.0376,2025-01-31 23:56:21
0,348,7.241,34.714,700.0,-8.2858,107.0376,2025-01-31 23:56:21
0,349,7.167,34.706,702.0,-8.2858,107.0376,2025-01-31 23:56:21
0,350,7.113,34.7,704.0,-8.2858,107.0376,2025-01-31 23:56:21
0,351,7.096,34.697,706.0,-8.2858,107.0376,2025-01-31 23:56:21
0,352,7.09,34.696,708.0,-8.2858,107.0376,2025-01-31 23:56:21
0,353,7.081,34.696,710.0,-8.2858,107.0376,2025-01-31 23:56:21
0,354,7.06,34.695,712.0,-8.2858,107.0376,2025-01-31 23:56:21
0,355,7.05,34.695,714.0,-8.2858,107.0376,2025-01-31 23:56:21
0,356,7.036,34.696,716.0,-8.2858,107.0376,2025-01-31 23:56:21
0,357,7.012,34.695,718.0,-8.2858,107.0376,2025-01-31 23:56:21
0,358,6.995,34.693,720.0,-8.2858,107.0376,2025-01-31 23:56:21
0,359,6.967,34.691,722.0,-8.2858,107.0376,2025-01-31 23:56:21
0,360,6.888,34.682,724.0,-8.2858,107.0376,2025-01-31 23:56:21
0,361,6.848,34.679,726.0,-8.2858,107.0376,2025-01-31 23:56:21
0,362,6.811,34.677,728.0,-8.2858,107.0376,2025-01-31 23:56:21
0,363,6.788,34.677,730.0,-8.2858,107.0376,2025-01-31 23:56:21
0,364,6.796,34.68,732.0,-8.2858,107.0376,2025-01-31 23:56:21
0,365,6.805,34.683,734.0,-8.2858,107.0376,2025-01-31 23:56:21
0,366,6.812,34.685,736.0,-8.2858,107.0376,2025-01-31 23:56:21
0,367,6.815,34.686,738.0,-8.2858,107.0376,2025-01-31 23:56:21
0,368,6.816,34.686,740.0,-8.2858,107.0376,2025-01-31 23:56:21
0,369,6.793,34.687,742.0,-8.2858,107.0376,2025-01-31 23:56:21
0,370,6.768,34.687,744.0,-8.2858,107.0376,2025-01-31 23:56:21
0,371,6.747,34.687,746.0,-8.2858,107.0376,2025-01-31 23:56:21
0,372,6.74,34.686,748.0,-8.2858,107.0376,2025-01-31 23:56:21
0,373,6.739,34.685,750.0,-8.2858,107.0376,2025-01-31 23:56:21
0,374,6.731,34.684,752.0,-8.2858,107.0376,2025-01-31 23:56:21
0,375,6.703,34.682,754.0,-8.2858,107.0376,2025-01-31 23:56:21
0,376,6.688,34.68,756.0,-8.2858,107.0376,2025-01-31 23:56:21
0,377,6.68,34.679,758.0,-8.2858,107.0376,2025-01-31 23:56:21
0,378,6.671,34.678,760.0,-8.2858,107.0376,2025-01-31 23:56:21
0,379,6.66,34.678,762.0,-8.2858,107.0376,2025-01-31 23:56:21
0,380,6.649,34.677,764.0,-8.2858,107.0376,2025-01-31 23:56:21
0,381,6.636,34.676,766.0,-8.2858,107.0376,2025-01-31 23:56:21
0,382,6.619,34.674,768.0,-8.2858,107.0376,2025-01-31 23:56:21
0,383,6.609,34.673,770.0,-8.2858,107.0376,2025-01-31 23:56:21
0,384,6.594,34.673,772.0,-8.2858,107.0376,2025-01-31 23:56:21
0,385,6.585,34.673,774.0,-8.2858,107.0376,2025-01-31 23:56:21
0,386,6.584,34.673,776.0,-8.2858,107.0376,2025-01-31 23:56:21
0,387,6.582,34.673,778.0,-8.2858,107.0376,2025-01-31 23:56:21
0,388,6.582,34.673,780.0,-8.2858,107.0376,2025-01-31 23:56:21
0,389,6.581,34.674,782.0,-8.2858,107.0376,2025-01-31 23:56:21
0,390,6.577,34.676,784.0,-8.2858,107.0376,2025-01-31 23:56:21
0,391,6.571,34.679,786.0,-8.2858,107.0376,2025-01-31 23:56:21
0,392,6.561,34.679,788.0,-8.2858,107.0376,2025-01-31 23:56:21
0,393,6.563,34.681,790.0,-8.2858,107.0376,2025-01-31 23:56:21
0,394,6.564,34.681,792.0,-8.2858,107.0376,2025-01-31 23:56:21
0,395,6.56,34.683,794.0,-8.2858,107.0376,2025-01-31 23:56:21
0,396,6.536,34.685,796.0,-8.2858,107.0376,2025-01-31 23:56:21
0,397,6.532,34.686,798.0,-8.2858,107.0376,2025-01-31 23:56:21
0,398,6.531,34.686,800.0,-8.2858,107.0376,2025-01-31 23:56:21
0,399,6.529,34.686,802.0,-8.2858,107.0376,2025-01-31 23:56:21
0,400,6.527,34.687,804.0,-8.2858,107.0376,2025-01-31 23:56:21
0,401,6.522,34.689,806.0,-8.2858,107.0376,2025-01-31 23:56:21
0,402,6.509,34.69,808.0,-8.2858,107.0376,2025-01-31 23:56:21
0,403,6.508,34.691,810.0,-8.2858,107.0376,2025-01-31 23:56:21
0,404,6.507,34.693,812.0,-8.2858,107.0376,2025-01-31 23:56:21
0,405,6.504,34.693,814.0,-8.2858,107.0376,2025-01-31 23:56:21
0,406,6.503,34.692,816.0,-8.2858,107.0376,2025-01-31 23:56:21
0,407,6.502,34.694,818.0,-8.2858,107.0376,2025-01-31 23:56:21
0,408,6.491,34.694,820.0,-8.2858,107.0376,2025-01-31 23:56:21
0,409,6.478,34.694,822.0,-8.2858,107.0376,2025-01-31 23:56:21
0,410,6.475,34.694,824.0,-8.2858,107.0376,2025-01-31 23:56:21
0,411,6.469,34.694,826.0,-8.2858,107.0376,2025-01-31 23:56:21
0,412,6.433,34.693,828.0,-8.2858,107.0376,2025-01-31 23:56:21
0,413,6.429,34.692,830.0,-8.2858,107.0376,2025-01-31 23:56:21
0,414,6.422,34.691,832.0,-8.2858,107.0376,2025-01-31 23:56:21
0,415,6.406,34.692,834.0,-8.2858,107.0376,2025-01-31 23:56:21
0,416,6.389,34.692,836.0,-8.2858,107.0376,2025-01-31 23:56:21
0,417,6.376,34.691,838.0,-8.2858,107.0376,2025-01-31 23:56:21
0,418,6.355,34.692,840.0,-8.2858,107.0376,2025-01-31 23:56:21
0,419,6.345,34.691,842.0,-8.2858,107.0376,2025-01-31 23:56:21
0,420,6.344,34.691,844.0,-8.2858,107.0376,2025-01-31 23:56:21
0,421,6.345,34.693,846.0,-8.2858,107.0376,2025-01-31 23:56:21
0,422,6.331,34.693,848.0,-8.2858,107.0376,2025-01-31 23:56:21
0,423,6.318,34.691,850.0,-8.2858,107.0376,2025-01-31 23:56:21
0,424,6.316,34.691,852.0,-8.2858,107.0376,2025-01-31 23:56:21
0,425,6.314,34.689,854.0,-8.2858,107.0376,2025-01-31 23:56:21
0,426,6.296,34.687,856.0,-8.2858,107.0376,2025-01-31 23:56:21
0,427,6.193,34.677,858.0,-8.2858,107.0376,2025-01-31 23:56:21
0,428,6.167,34.673,860.0,-8.2858,107.0376,2025-01-31 23:56:21
0,429,6.127,34.669,862.0,-8.2858,107.0376,2025-01-31 23:56:21
0,430,6.105,34.666,864.0,-8.2858,107.0376,2025-01-31 23:56:21
0,431,6.097,34.665,866.0,-8.2858,107.0376,2025-01-31 23:56:21
0,432,6.09,34.665,868.0,-8.2858,107.0376,2025-01-31 23:56:21
0,433,6.081,34.664,870.0,-8.2858,107.0376,2025-01-31 23:56:21
0,434,6.073,34.663,872.0,-8.2858,107.0376,2025-01-31 23:56:21
0,435,6.074,34.664,874.0,-8.2858,107.0376,2025-01-31 23:56:21
0,436,6.06,34.663,876.0,-8.2858,107.0376,2025-01-31 23:56:21
0,437,6.038,34.662,878.0,-8.2858,107.0376,2025-01-31 23:56:21
0,438,6.01,34.66,880.0,-8.2858,107.0376,2025-01-31 23:56:21
0,439,6.001,34.659,882.0,-8.2858,107.0376,2025-01-31 23:56:21
0,440,6.006,34.661,884.0,-8.2858,107.0376,2025-01-31 23:56:21
0,441,6.014,34.664,886.0,-8.2858,107.0376,2025-01-31 23:56:21
0,442,6.004,34.664,888.0,-8.2858,107.0376,2025-01-31 23:56:21
0,443,5.975,34.661,890.0,-8.2858,107.0376,2025-01-31 23:56:21
0,444,5.939,34.657,892.0,-8.2858,107.0376,2025-01-31 23:56:21
0,445,5.922,34.66,894.0,-8.2858,107.0376,2025-01-31 23:56:21
0,446,5.901,34.66,896.0,-8.2858,107.0376,2025-01-31 23:56:21
0,447,5.887,34.66,898.0,-8.2858,107.0376,2025-01-31 23:56:21
0,448,5.888,34.662,900.0,-8.2858,107.0376,2025-01-31 23:56:21
0,449,5.896,34.664,902.0,-8.2858,107.0376,2025-01-31 23:56:21
0,450,5.915,34.669,904.0,-8.2858,107.0376,2025-01-31 23:56:21
0,451,5.915,34.673,906.0,-8.2858,107.0376,2025-01-31 23:56:21
0,452,5.917,34.674,908.0,-8.2858,107.0376,2025-01-31 23:56:21
0,453,5.924,34.676,910.0,-8.2858,107.0376,2025-01-31 23:56:21
0,454,5.949,34.681,912.0,-8.2858,107.0376,2025-01-31 23:56:21
0,455,5.962,34.684,914.0,-8.2858,107.0376,2025-01-31 23:56:21
0,456,5.974,34.686,916.0,-8.2858,107.0376,2025-01-31 23:56:21
0,457,5.981,34.688,918.0,-8.2858,107.0376,2025-01-31 23:56:21
0,458,5.979,34.688,920.0,-8.2858,107.0376,2025-01-31 23:56:21
0,459,5.959,34.687,922.0,-8.2858,107.0376,2025-01-31 23:56:21
0,460,5.929,34.685,924.0,-8.2858,107.0376,2025-01-31 23:56:21
0,461,5.906,34.682,926.0,-8.2858,107.0376,2025-01-31 23:56:21
0,462,5.881,34.68,928.0,-8.2858,107.0376,2025-01-31 23:56:21
0,463,5.864,34.679,930.0,-8.2858,107.0376,2025-01-31 23:56:21
0,464,5.852,34.679,932.0,-8.2858,107.0376,2025-01-31 23:56:21
0,465,5.833,34.678,934.0,-8.2858,107.0376,2025-01-31 23:56:21
0,466,5.823,34.677,936.0,-8.2858,107.0376,2025-01-31 23:56:21
0,467,5.819,34.676,938.0,-8.2858,107.0376,2025-01-31 23:56:21
0,468,5.805,34.675,940.0,-8.2858,107.0376,2025-01-31 23:56:21
0,469,5.798,34.675,942.0,-8.2858,107.0376,2025-01-31 23:56:21
0,470,5.79,34.674,944.0,-8.2858,107.0376,2025-01-31 23:56:21
0,471,5.784,34.674,946.0,-8.2858,107.0376,2025-01-31 23:56:21
0,472,5.779,34.673,948.0,-8.2858,107.0376,2025-01-31 23:56:21
0,473,5.768,34.672,950.0,-8.2858,107.0376,2025-01-31 23:56:21
0,474,5.762,34.672,952.0,-8.2858,107.0376,2025-01-31 23:56:21
0,475,5.757,34.671,954.0,-8.2858,107.0376,2025-01-31 23:56:21
0,476,5.74,34.671,956.0,-8.2858,107.0376,2025-01-31 23:56:21
0,477,5.697,34.669,958.0,-8.2858,107.0376,2025-01-31 23:56:21
0,478,5.674,34.667,960.0,-8.2858,107.0376,2025-01-31 23:56:21
0,479,5.658,34.666,962.0,-8.2858,107.0376,2025-01-31 23:56:21
0,480,5.634,34.664,964.0,-8.2858,107.0376,2025-01-31 23:56:21
0,481,5.62,34.663,966.0,-8.2858,107.0376,2025-01-31 23:56:21
0,482,5.597,34.662,968.0,-8.2858,107.0376,2025-01-31 23:56:21
0,483,5.568,34.66,970.0,-8.2858,107.0376,2025-01-31 23:56:21
0,484,5.56,34.66,972.0,-8.2858,107.0376,2025-01-31 23:56:21
0,485,5.555,34.66,974.0,-8.2858,107.0376,2025-01-31 23:56:21
0,486,5.555,34.66,976.0,-8.2858,107.0376,2025-01-31 23:56:21
0,487,5.554,34.661,978.0,-8.2858,107.0376,2025-01-31 23:56:21
0,488,5.557,34.664,980.0,-8.2858,107.0376,2025-01-31 23:56:21
0,489,5.533,34.665,982.0,-8.2858,107.0376,2025-01-31 23:56:21
0,490,5.503,34.662,984.0,-8.2858,107.0376,2025-01-31 23:56:21
0,491,5.487,34.66,986.0,-8.2858,107.0376,2025-01-31 23:56:21
0,492,5.482,34.66,988.0,-8.2858,107.0376,2025-01-31 23:56:21
0,493,5.462,34.658,990.0,-8.2858,107.0376,2025-01-31 23:56:21
0,494,5.44,34.657,992.0,-8.2858,107.0376,2025-01-31 23:56:21
0,495,5.428,34.658,994.0,-8.2858,107.0376,2025-01-31 23:56:21
0,496,5.417,34.657,996.0,-8.2858,107.0376,2025-01-31 23:56:21
0,497,5.385,34.656,998.0,-8.2858,107.0376,2025-01-31 23:56:21
0,498,5.375,34.655,1000.0,-8.2858,107.0376,2025-01-31 23:56:21
0,499,5.361,34.654,1002.0,-8.2858,107.0376,2025-01-31 23:56:21
0,500,5.34,34.653,1004.0,-8.2858,107.0376,2025-01-31 23:56:21
0,501,5.318,34.652,1006.0,-8.2858,107.0376,2025-01-31 23:56:21
0,502,5.306,34.651,1008.0,-8.2858,107.0376,2025-01-31 23:56:21
0,503,5.285,34.651,1010.0,-8.2858,107.0376,2025-01-31 23:56:21
0,504,5.273,34.651,1012.0,-8.2858,107.0376,2025-01-31 23:56:21
0,505,5.266,34.65,1014.0,-8.2858,107.0376,2025-01-31 23:56:21
0,506,5.258,34.65,1016.0,-8.2858,107.0376,2025-01-31 23:56:21
0,507,5.23,34.65,1018.0,-8.2858,107.0376,2025-01-31 23:56:21
0,508,5.211,34.649,1020.0,-8.2858,107.0376,2025-01-31 23:56:21
0,509,5.207,34.649,1022.0,-8.2858,107.0376,2025-01-31 23:56:21
0,510,5.205,34.649,1024.0,-8.2858,107.0376,2025-01-31 23:56:21
0,511,5.201,34.649,1026.0,-8.2858,107.0376,2025-01-31 23:56:21
0,512,5.199,34.649,1028.0,-8.2858,107.0376,2025-01-31 23:56:21
0,513,5.192,34.648,1030.0,-8.2858,107.0376,2025-01-31 23:56:21
0,514,5.172,34.648,1032.0,-8.2858,107.0376,2025-01-31 23:56:21
0,515,5.155,34.648,1034.0,-8.2858,107.0376,2025-01-31 23:56:21
0,516,5.14,34.648,1036.0,-8.2858,107.0376,2025-01-31 23:56:21
0,517,5.127,34.647,1038.0,-8.2858,107.0376,2025-01-31 23:56:21
0,518,5.118,34.647,1040.0,-8.2858,107.0376,2025-01-31 23:56:21
0,519,5.105,34.647,1042.0,-8.2858,107.0376,2025-01-31 23:56:21
0,520,5.094,34.647,1044.0,-8.2858,107.0376,2025-01-31 23:56:21
0,521,5.087,34.647,1046.0,-8.2858,107.0376,2025-01-31 23:56:21
0,522,5.08,34.647,1048.0,-8.2858,107.0376,2025-01-31 23:56:21
0,523,5.071,34.647,1050.0,-8.2858,107.0376,2025-01-31 23:56:21
0,524,5.05,34.65,1052.0,-8.2858,107.0376,2025-01-31 23:56:21
0,525,5.03,34.649,1054.0,-8.2858,107.0376,2025-01-31 23:56:21
0,526,5.015,34.648,1056.0,-8.2858,107.0376,2025-01-31 23:56:21
0,527,4.997,34.648,1058.0,-8.2858,107.0376,2025-01-31 23:56:21
0,528,4.981,34.648,1060.0,-8.2858,107.0376,2025-01-31 23:56:21
0,529,4.975,34.65,1062.0,-8.2858,107.0376,2025-01-31 23:56:21
0,530,4.976,34.651,1064.0,-8.2858,107.0376,2025-01-31 23:56:21
0,531,4.979,34.652,1066.0,-8.2858,107.0376,2025-01-31 23:56:21
0,532,4.978,34.652,1068.0,-8.2858,107.0376,2025-01-31 23:56:21
0,533,4.951,34.654,1070.0,-8.2858,107.0376,2025-01-31 23:56:21
0,534,4.93,34.654,1072.0,-8.2858,107.0376,2025-01-31 23:56:21
0,535,4.914,34.653,1074.0,-8.2858,107.0376,2025-01-31 23:56:21
0,536,4.901,34.653,1076.0,-8.2858,107.0376,2025-01-31 23:56:21
0,537,4.89,34.653,1078.0,-8.2858,107.0376,2025-01-31 23:56:21
0,538,4.882,34.653,1080.0,-8.2858,107.0376,2025-01-31 23:56:21
0,539,4.864,34.653,1082.0,-8.2858,107.0376,2025-01-31 23:56:21
0,540,4.854,34.652,1084.0,-8.2858,107.0376,2025-01-31 23:56:21
0,541,4.852,34.652,1086.0,-8.2858,107.0376,2025-01-31 23:56:21
0,542,4.849,34.652,1088.0,-8.2858,107.0376,2025-01-31 23:56:21
0,543,4.843,34.652,1090.0,-8.2858,107.0376,2025-01-31 23:56:21
0,544,4.831,34.652,1092.0,-8.2858,107.0376,2025-01-31 23:56:21
0,545,4.821,34.652,1094.0,-8.2858,107.0376,2025-01-31 23:56:21
0,546,4.817,34.652,1096.0,-8.2858,107.0376,2025-01-31 23:56:21
0,547,4.811,34.652,1098.0,-8.2858,107.0376,2025-01-31 23:56:21
0,548,4.802,34.651,1100.0,-8.2858,107.0376,2025-01-31 23:56:21
0,549,4.791,34.651,1102.0,-8.2858,107.0376,2025-01-31 23:56:21
0,550,4.771,34.649,1104.0,-8.2858,107.0376,2025-01-31 23:56:21
0,551,4.76,34.648,1106.0,-8.2858,107.0376,2025-01-31 23:56:21
0,552,4.749,34.648,1108.0,-8.2858,107.0376,2025-01-31 23:56:21
0,553,4.728,34.648,1110.0,-8.2858,107.0376,2025-01-31 23:56:21
0,554,4.714,34.647,1112.0,-8.2858,107.0376,2025-01-31 23:56:21
0,555,4.702,34.646,1114.0,-8.2858,107.0376,2025-01-31 23:56:21
0,556,4.696,34.646,1116.0,-8.2858,107.0376,2025-01-31 23:56:21
0,557,4.681,34.645,1118.0,-8.2858,107.0376,2025-01-31 23:56:21
0,558,4.656,34.643,1120.0,-8.2858,107.0376,2025-01-31 23:56:21
0,559,4.631,34.644,1122.0,-8.2858,107.0376,2025-01-31 23:56:21
0,560,4.636,34.647,1124.0,-8.2858,107.0376,2025-01-31 23:56:21
0,561,4.638,34.648,1126.0,-8.2858,107.0376,2025-01-31 23:56:21
0,562,4.644,34.651,1128.0,-8.2858,107.0376,2025-01-31 23:56:21
0,563,4.642,34.653,1130.0,-8.2858,107.0376,2025-01-31 23:56:21
0,564,4.653,34.658,1132.0,-8.2858,107.0376,2025-01-31 23:56:21
0,565,4.667,34.662,1134.0,-8.2858,107.0376,2025-01-31 23:56:21
0,566,4.681,34.666,1136.0,-8.2858,107.0376,2025-01-31 23:56:21
0,567,4.701,34.67,1138.0,-8.2858,107.0376,2025-01-31 23:56:21
0,568,4.729,34.678,1140.0,-8.2858,107.0376,2025-01-31 23:56:21
0,569,4.741,34.682,1142.0,-8.2858,107.0376,2025-01-31 23:56:21
0,570,4.754,34.686,1144.0,-8.2858,107.0376,2025-01-31 23:56:21
0,571,4.772,34.691,1146.0,-8.2858,107.0376,2025-01-31 23:56:21
0,572,4.776,34.694,1148.0,-8.2858,107.0376,2025-01-31 23:56:21
0,573,4.784,34.696,1150.0,-8.2858,107.0376,2025-01-31 23:56:21
0,574,4.8,34.7,1152.0,-8.2858,107.0376,2025-01-31 23:56:21
0,575,4.808,34.704,1154.0,-8.2858,107.0376,2025-01-31 23:56:21
0,576,4.809,34.704,1156.0,-8.2858,107.0376,2025-01-31 23:56:21
0,577,4.814,34.705,1158.0,-8.2858,107.0376,2025-01-31 23:56:21
0,578,4.817,34.706,1160.0,-8.2858,107.0376,2025-01-31 23:56:21
0,579,4.82,34.708,1162.0,-8.2858,107.0376,2025-01-31 23:56:21
0,580,4.821,34.71,1164.0,-8.2858,107.0376,2025-01-31 23:56:21
0,581,4.822,34.711,1166.0,-8.2858,107.0376,2025-01-31 23:56:21
0,582,4.82,34.711,1168.0,-8.2858,107.0376,2025-01-31 23:56:21
0,583,4.819,34.712,1170.0,-8.2858,107.0376,2025-01-31 23:56:21
0,584,4.824,34.713,1172.0,-8.2858,107.0376,2025-01-31 23:56:21
0,585,4.83,34.716,1174.0,-8.2858,107.0376,2025-01-31 23:56:21
0,586,4.844,34.721,1176.0,-8.2858,107.0376,2025-01-31 23:56:21
0,587,4.843,34.722,1178.0,-8.2858,107.0376,2025-01-31 23:56:21
0,588,4.842,34.723,1180.0,-8.2858,107.0376,2025-01-31 23:56:21
0,589,4.838,34.723,1182.0,-8.2858,107.0376,2025-01-31 23:56:21
0,590,4.839,34.725,1184.0,-8.2858,107.0376,2025-01-31 23:56:21
0,591,4.839,34.725,1186.0,-8.2858,107.0376,2025-01-31 23:56:21
0,592,4.838,34.726,1188.0,-8.2858,107.0376,2025-01-31 23:56:21
0,593,4.826,34.725,1190.0,-8.2858,107.0376,2025-01-31 23:56:21
0,594,4.823,34.725,1192.0,-8.2858,107.0376,2025-01-31 23:56:21
0,595,4.826,34.725,1194.0,-8.2858,107.0376,2025-01-31 23:56:21
0,596,4.824,34.728,1196.0,-8.2858,107.0376,2025-01-31 23:56:21
0,597,4.82,34.728,1198.0,-8.2858,107.0376,2025-01-31 23:56:21
0,598,4.826,34.73,1200.0,-8.2858,107.0376,2025-01-31 23:56:21
0,599,4.816,34.731,1202.0,-8.2858,107.0376,2025-01-31 23:56:21
0,600,4.813,34.731,1204.0,-8.2858,107.0376,2025-01-31 23:56:21
0,601,4.806,34.731,1206.0,-8.2858,107.0376,2025-01-31 23:56:21
0,602,4.787,34.732,1208.0,-8.2858,107.0376,2025-01-31 23:56:21
0,603,4.77,34.731,1210.0,-8.2858,107.0376,2025-01-31 23:56:21
0,604,4.761,34.73,1212.0,-8.2858,107.0376,2025-01-31 23:56:21
0,605,4.756,34.73,1214.0,-8.2858,107.0376,2025-01-31 23:56:21
0,606,4.749,34.729,1216.0,-8.2858,107.0376,2025-01-31 23:56:21
0,607,4.739,34.729,1218.0,-8.2858,107.0376,2025-01-31 23:56:21
0,608,4.733,34.728,1220.0,-8.2858,107.0376,2025-01-31 23:56:21
0,609,4.732,34.728,1222.0,-8.2858,107.0376,2025-01-31 23:56:21
0,610,4.729,34.728,1224.0,-8.2858,107.0376,2025-01-31 23:56:21
0,611,4.716,34.726,1226.0,-8.2858,107.0376,2025-01-31 23:56:21
0,612,4.701,34.725,1228.0,-8.2858,107.0376,2025-01-31 23:56:21
0,613,4.668,34.722,1230.0,-8.2858,107.0376,2025-01-31 23:56:21
0,614,4.637,34.719,1232.0,-8.2858,107.0376,2025-01-31 23:56:21
0,615,4.596,34.715,1234.0,-8.2858,107.0376,2025-01-31 23:56:21
0,616,4.577,34.713,1235.9,-8.2858,107.0376,2025-01-31 23:56:21
0,617,4.556,34.711,1238.0,-8.2858,107.0376,2025-01-31 23:56:21
0,618,4.548,34.71,1240.0,-8.2858,107.0376,2025-01-31 23:56:21
0,619,4.544,34.709,1242.0,-8.2858,107.0376,2025-01-31 23:56:21
0,620,4.503,34.704,1244.0,-8.2858,107.0376,2025-01-31 23:56:21
0,621,4.475,34.7,1246.0,-8.2858,107.0376,2025-01-31 23:56:21
0,622,4.432,34.696,1248.0,-8.2858,107.0376,2025-01-31 23:56:21
0,623,4.387,34.692,1250.0,-8.2858,107.0376,2025-01-31 23:56:21
0,624,4.371,34.69,1252.0,-8.2858,107.0376,2025-01-31 23:56:21
0,625,4.364,34.69,1253.9,-8.2858,107.0376,2025-01-31 23:56:21
0,626,4.363,34.69,1256.0,-8.2858,107.0376,2025-01-31 23:56:21
0,627,4.364,34.691,1258.0,-8.2858,107.0376,2025-01-31 23:56:21
0,628,4.364,34.691,1260.0,-8.2858,107.0376,2025-01-31 23:56:21
0,629,4.365,34.692,1262.0,-8.2858,107.0376,2025-01-31 23:56:21
0,630,4.372,34.695,1264.0,-8.2858,107.0376,2025-01-31 23:56:21
0,631,4.375,34.697,1266.0,-8.2858,107.0376,2025-01-31 23:56:21
0,632,4.374,34.697,1268.0,-8.2858,107.0376,2025-01-31 23:56:21
0,633,4.373,34.697,1270.0,-8.2858,107.0376,2025-01-31 23:56:21
0,634,4.373,34.697,1272.0,-8.2858,107.0376,2025-01-31 23:56:21
0,635,4.372,34.698,1274.0,-8.2858,107.0376,2025-01-31 23:56:21
0,636,4.367,34.699,1276.0,-8.2858,107.0376,2025-01-31 23:56:21
0,637,4.369,34.7,1278.0,-8.2858,107.0376,2025-01-31 23:56:21
0,638,4.37,34.701,1280.0,-8.2858,107.0376,2025-01-31 23:56:21
0,639,4.364,34.702,1282.0,-8.2858,107.0376,2025-01-31 23:56:21
0,640,4.358,34.703,1284.0,-8.2858,107.0376,2025-01-31 23:56:21
0,641,4.351,34.703,1286.0,-8.2858,107.0376,2025-01-31 23:56:21
0,642,4.346,34.703,1288.0,-8.2858,107.0376,2025-01-31 23:56:21
0,643,4.34,34.703,1290.0,-8.2858,107.0376,2025-01-31 23:56:21
0,644,4.332,34.703,1292.0,-8.2858,107.0376,2025-01-31 23:56:21
0,645,4.328,34.703,1294.0,-8.2858,107.0376,2025-01-31 23:56:21
0,646,4.32,34.704,1296.0,-8.2858,107.0376,2025-01-31 23:56:21
0,647,4.312,34.706,1298.0,-8.2858,107.0376,2025-01-31 23:56:21
0,648,4.311,34.707,1300.0,-8.2858,107.0376,2025-01-31 23:56:21
0,649,4.31,34.707,1302.0,-8.2858,107.0376,2025-01-31 23:56:21
0,650,4.309,34.707,1304.0,-8.2858,107.0376,2025-01-31 23:56:21
0,651,4.308,34.707,1306.0,-8.2858,107.0376,2025-01-31 23:56:21
0,652,4.306,34.707,1308.0,-8.2858,107.0376,2025-01-31 23:56:21
0,653,4.304,34.707,1310.0,-8.2858,107.0376,2025-01-31 23:56:21
0,654,4.3,34.707,1312.0,-8.2858,107.0376,2025-01-31 23:56:21
0,655,4.294,34.706,1314.0,-8.2858,107.0376,2025-01-31 23:56:21
0,656,4.274,34.705,1316.0,-8.2858,107.0376,2025-01-31 23:56:21
0,657,4.251,34.705,1318.0,-8.2858,107.0376,2025-01-31 23:56:21
0,658,4.22,34.703,1320.0,-8.2858,107.0376,2025-01-31 23:56:21
0,659,4.195,34.701,1322.0,-8.2858,107.0376,2025-01-31 23:56:21
0,660,4.186,34.699,1324.0,-8.2858,107.0376,2025-01-31 23:56:21
0,661,4.177,34.699,1326.0,-8.2858,107.0376,2025-01-31 23:56:21
0,662,4.158,34.697,1328.0,-8.2858,107.0376,2025-01-31 23:56:21
0,663,4.155,34.697,1330.0,-8.2858,107.0376,2025-01-31 23:56:21
0,664,4.156,34.697,1332.0,-8.2858,107.0376,2025-01-31 23:56:21
0,665,4.156,34.698,1334.0,-8.2858,107.0376,2025-01-31 23:56:21
0,666,4.157,34.698,1336.0,-8.2858,107.0376,2025-01-31 23:56:21
0,667,4.162,34.7,1338.0,-8.2858,107.0376,2025-01-31 23:56:21
0,668,4.166,34.702,1340.0,-8.2858,107.0376,2025-01-31 23:56:21
0,669,4.168,34.704,1342.0,-8.2858,107.0376,2025-01-31 23:56:21
0,670,4.168,34.705,1344.0,-8.2858,107.0376,2025-01-31 23:56:21
0,671,4.169,34.706,1346.0,-8.2858,107.0376,2025-01-31 23:56:21
0,672,4.17,34.707,1348.0,-8.2858,107.0376,2025-01-31 23:56:21
0,673,4.172,34.709,1350.0,-8.2858,107.0376,2025-01-31 23:56:21
0,674,4.172,34.709,1352.0,-8.2858,107.0376,2025-01-31 23:56:21
0,675,4.171,34.709,1354.0,-8.2858,107.0376,2025-01-31 23:56:21
0,676,4.17,34.709,1356.0,-8.2858,107.0376,2025-01-31 23:56:21
0,677,4.171,34.711,1358.0,-8.2858,107.0376,2025-01-31 23:56:21
0,678,4.172,34.711,1360.0,-8.2858,107.0376,2025-01-31 23:56:21
0,679,4.173,34.712,1362.0,-8.2858,107.0376,2025-01-31 23:56:21
0,680,4.174,34.712,1364.0,-8.2858,107.0376,2025-01-31 23:56:21
0,681,4.179,34.713,1366.0,-8.2858,107.0376,2025-01-31 23:56:21
0,682,4.188,34.716,1368.0,-8.2858,107.0376,2025-01-31 23:56:21
0,683,4.186,34.717,1370.0,-8.2858,107.0376,2025-01-31 23:56:21
0,684,4.182,34.717,1372.0,-8.2858,107.0376,2025-01-31 23:56:21
0,685,4.171,34.717,1374.0,-8.2858,107.0376,2025-01-31 23:56:21
0,686,4.172,34.717,1376.0,-8.2858,107.0376,2025-01-31 23:56:21
0,687,4.173,34.717,1378.0,-8.2858,107.0376,2025-01-31 23:56:21
0,688,4.171,34.717,1380.0,-8.2858,107.0376,2025-01-31 23:56:21
0,689,4.171,34.717,1382.0,-8.2858,107.0376,2025-01-31 23:56:21
0,690,4.168,34.717,1384.0,-8.2858,107.0376,2025-01-31 23:56:21
0,691,4.165,34.717,1386.0,-8.2858,107.0376,2025-01-31 23:56:21
0,692,4.154,34.716,1388.0,-8.2858,107.0376,2025-01-31 23:56:21
0,693,4.149,34.715,1390.0,-8.2858,107.0376,2025-01-31 23:56:21
0,694,4.145,34.715,1392.0,-8.2858,107.0376,2025-01-31 23:56:21
0,695,4.137,34.715,1394.0,-8.2858,107.0376,2025-01-31 23:56:21
0,696,4.132,34.715,1396.0,-8.2858,107.0376,2025-01-31 23:56:21
0,697,4.126,34.714,1398.0,-8.2858,107.0376,2025-01-31 23:56:21
0,698,4.12,34.715,1400.0,-8.2858,107.0376,2025-01-31 23:56:21
0,699,4.12,34.715,1402.0,-8.2858,107.0376,2025-01-31 23:56:21
0,700,4.126,34.716,1404.0,-8.2858,107.0376,2025-01-31 23:56:21
0,701,4.119,34.716,1406.0,-8.2858,107.0376,2025-01-31 23:56:21
0,702,4.117,34.716,1408.0,-8.2858,107.0376,2025-01-31 23:56:21
0,703,4.12,34.717,1410.0,-8.2858,107.0376,2025-01-31 23:56:21
0,704,4.12,34.718,1412.0,-8.2858,107.0376,2025-01-31 23:56:21
0,705,4.12,34.719,1414.0,-8.2858,107.0376,2025-01-31 23:56:21
0,706,4.163,34.728,1416.0,-8.2858,107.0376,2025-01-31 23:56:21
0,707,4.214,34.742,1418.0,-8.2858,107.0376,2025-01-31 23:56:21
0,708,4.244,34.75,1420.0,-8.2858,107.0376,2025-01-31 23:56:21
0,709,4.26,34.754,1422.0,-8.2858,107.0376,2025-01-31 23:56:21
0,710,4.251,34.754,1424.0,-8.2858,107.0376,2025-01-31 23:56:21
0,711,4.239,34.753,1426.0,-8.2858,107.0376,2025-01-31 23:56:21
0,712,4.234,34.752,1428.0,-8.2858,107.0376,2025-01-31 23:56:21
0,713,4.228,34.751,1430.0,-8.2858,107.0376,2025-01-31 23:56:21
0,714,4.228,34.751,1432.0,-8.2858,107.0376,2025-01-31 23:56:21
0,715,4.225,34.751,1434.0,-8.2858,107.0376,2025-01-31 23:56:21
0,716,4.219,34.749,1436.0,-8.2858,107.0376,2025-01-31 23:56:21
0,717,4.216,34.749,1438.0,-8.2858,107.0376,2025-01-31 23:56:21
0,718,4.206,34.748,1440.0,-8.2858,107.0376,2025-01-31 23:56:21
0,719,4.178,34.747,1442.0,-8.2858,107.0376,2025-01-31 23:56:21
0,720,4.15,34.745,1444.0,-8.2858,107.0376,2025-01-31 23:56:21
0,721,4.141,34.744,1446.0,-8.2858,107.0376,2025-01-31 23:56:21
0,722,4.131,34.742,1448.0,-8.2858,107.0376,2025-01-31 23:56:21
0,723,4.12,34.741,1450.0,-8.2858,107.0376,2025-01-31 23:56:21
0,724,4.113,34.741,1452.0,-8.2858,107.0376,2025-01-31 23:56:21
0,725,4.108,34.741,1454.0,-8.2858,107.0376,2025-01-31 23:56:21
0,726,4.111,34.742,1456.0,-8.2858,107.0376,2025-01-31 23:56:21
0,727,4.115,34.744,1458.0,-8.2858,107.0376,2025-01-31 23:56:21
0,728,4.117,34.745,1460.0,-8.2858,107.0376,2025-01-31 23:56:21
0,729,4.121,34.746,1462.0,-8.2858,107.0376,2025-01-31 23:56:21
0,730,4.123,34.746,1464.0,-8.2858,107.0376,2025-01-31 23:56:21
0,731,4.126,34.747,1466.0,-8.2858,107.0376,2025-01-31 23:56:21
0,732,4.121,34.746,1468.0,-8.2858,107.0376,2025-01-31 23:56:21
0,733,4.088,34.743,1470.0,-8.2858,107.0376,2025-01-31 23:56:21
0,734,4.047,34.738,1472.0,-8.2858,107.0376,2025-01-31 23:56:21
0,735,4.023,34.735,1474.0,-8.2858,107.0376,2025-01-31 23:56:21
0,736,3.973,34.729,1476.0,-8.2858,107.0376,2025-01-31 23:56:21
0,737,3.937,34.724,1478.0,-8.2858,107.0376,2025-01-31 23:56:21
0,738,3.923,34.722,1480.0,-8.2858,107.0376,2025-01-31 23:56:21
0,739,3.923,34.723,1482.0,-8.2858,107.0376,2025-01-31 23:56:21
0,740,3.924,34.723,1484.0,-8.2858,107.0376,2025-01-31 23:56:21
0,741,3.924,34.723,1486.0,-8.2858,107.0376,2025-01-31 23:56:21
0,742,3.929,34.724,1488.0,-8.2858,107.0376,2025-01-31 23:56:21
0,743,3.963,34.73,1490.0,-8.2858,107.0376,2025-01-31 23:56:21
0,744,3.955,34.731,1492.0,-8.2858,107.0376,2025-01-31 23:56:21
0,745,3.908,34.726,1494.0,-8.2858,107.0376,2025-01-31 23:56:21
0,746,3.889,34.723,1496.0,-8.2858,107.0376,2025-01-31 23:56:21
0,747,3.881,34.723,1498.0,-8.2858,107.0376,2025-01-31 23:56:21
0,748,3.874,34.722,1500.0,-8.2858,107.0376,2025-01-31 23:56:21
0,749,3.888,34.727,1502.0,-8.2858,107.0376,2025-01-31 23:56:21
0,750,3.896,34.73,1504.0,-8.2858,107.0376,2025-01-31 23:56:21
0,751,3.899,34.731,1506.0,-8.2858,107.0376,2025-01-31 23:56:21
0,752,3.907,34.733,1508.0,-8.2858,107.0376,2025-01-31 23:56:21
0,753,3.921,34.736,1510.0,-8.2858,107.0376,2025-01-31 23:56:21
0,754,3.94,34.739,1512.0,-8.2858,107.0376,2025-01-31 23:56:21
0,755,3.949,34.743,1514.0,-8.2858,107.0376,2025-01-31 23:56:21
0,756,3.924,34.743,1516.0,-8.2858,107.0376,2025-01-31 23:56:21
0,757,3.906,34.742,1518.0,-8.2858,107.0376,2025-01-31 23:56:21
0,758,3.893,34.742,1520.0,-8.2858,107.0376,2025-01-31 23:56:21
0,759,3.881,34.741,1522.0,-8.2858,107.0376,2025-01-31 23:56:21
0,760,3.876,34.741,1524.0,-8.2858,107.0376,2025-01-31 23:56:21
0,761,3.874,34.741,1526.0,-8.2858,107.0376,2025-01-31 23:56:21
0,762,3.87,34.741,1528.0,-8.2858,107.0376,2025-01-31 23:56:21
0,763,3.867,34.741,1530.0,-8.2858,107.0376,2025-01-31 23:56:21
0,764,3.864,34.741,1532.0,-8.2858,107.0376,2025-01-31 23:56:21
0,765,3.861,34.74,1534.0,-8.2858,107.0376,2025-01-31 23:56:21
0,766,3.854,34.74,1536.0,-8.2858,107.0376,2025-01-31 23:56:21
0,767,3.849,34.739,1538.0,-8.2858,107.0376,2025-01-31 23:56:21
0,768,3.844,34.739,1540.0,-8.2858,107.0376,2025-01-31 23:56:21
0,769,3.827,34.738,1542.0,-8.2858,107.0376,2025-01-31 23:56:21
0,770,3.817,34.738,1544.0,-8.2858,107.0376,2025-01-31 23:56:21
0,771,3.813,34.739,1546.0,-8.2858,107.0376,2025-01-31 23:56:21
0,772,3.813,34.74,1548.0,-8.2858,107.0376,2025-01-31 23:56:21
0,773,3.812,34.74,1550.0,-8.2858,107.0376,2025-01-31 23:56:21
0,774,3.807,34.74,1552.0,-8.2858,107.0376,2025-01-31 23:56:21
0,775,3.802,34.74,1554.0,-8.2858,107.0376,2025-01-31 23:56:21
0,776,3.786,34.739,1556.0,-8.2858,107.0376,2025-01-31 23:56:21
0,777,3.766,34.738,1558.0,-8.2858,107.0376,2025-01-31 23:56:21
0,778,3.746,34.736,1560.0,-8.2858,107.0376,2025-01-31 23:56:21
0,779,3.74,34.736,1562.0,-8.2858,107.0376,2025-01-31 23:56:21
0,780,3.734,34.736,1564.0,-8.2858,107.0376,2025-01-31 23:56:21
0,781,3.738,34.739,1566.0,-8.2858,107.0376,2025-01-31 23:56:21
0,782,3.738,34.74,1568.0,-8.2858,107.0376,2025-01-31 23:56:21
0,783,3.737,34.742,1570.0,-8.2858,107.0376,2025-01-31 23:56:21
0,784,3.735,34.742,1572.0,-8.2858,107.0376,2025-01-31 23:56:21
0,785,3.727,34.742,1574.0,-8.2858,107.0376,2025-01-31 23:56:21
0,786,3.721,34.742,1576.0,-8.2858,107.0376,2025-01-31 23:56:21
0,787,3.712,34.741,1578.0,-8.2858,107.0376,2025-01-31 23:56:21
0,788,3.712,34.741,1580.0,-8.2858,107.0376,2025-01-31 23:56:21
0,789,3.697,34.739,1582.0,-8.2858,107.0376,2025-01-31 23:56:21
0,790,3.677,34.739,1584.0,-8.2858,107.0376,2025-01-31 23:56:21
0,791,3.671,34.741,1586.0,-8.2858,107.0376,2025-01-31 23:56:21
0,792,3.668,34.742,1588.0,-8.2858,107.0376,2025-01-31 23:56:21
0,793,3.669,34.742,1590.0,-8.2858,107.0376,2025-01-31 23:56:21
0,794,3.667,34.743,1592.0,-8.2858,107.0376,2025-01-31 23:56:21
0,795,3.663,34.742,1594.0,-8.2858,107.0376,2025-01-31 23:56:21
0,796,3.657,34.742,1596.0,-8.2858,107.0376,2025-01-31 23:56:21
0,797,3.638,34.741,1598.0,-8.2858,107.0376,2025-01-31 23:56:21
0,798,3.619,34.74,1600.0,-8.2858,107.0376,2025-01-31 23:56:21
0,799,3.609,34.739,1602.0,-8.2858,107.0376,2025-01-31 23:56:21
0,800,3.605,34.738,1604.0,-8.2858,107.0376,2025-01-31 23:56:21
0,801,3.602,34.737,1606.0,-8.2858,107.0376,2025-01-31 23:56:21
0,802,3.594,34.736,1608.0,-8.2858,107.0376,2025-01-31 23:56:21
0,803,3.568,34.733,1610.0,-8.2858,107.0376,2025-01-31 23:56:21
0,804,3.529,34.729,1612.0,-8.2858,107.0376,2025-01-31 23:56:21
0,805,3.519,34.729,1614.0,-8.2858,107.0376,2025-01-31 23:56:21
0,806,3.506,34.729,1616.0,-8.2858,107.0376,2025-01-31 23:56:21
0,807,3.5,34.728,1618.0,-8.2858,107.0376,2025-01-31 23:56:21
0,808,3.5,34.728,1620.0,-8.2858,107.0376,2025-01-31 23:56:21
0,809,3.498,34.728,1622.0,-8.2858,107.0376,2025-01-31 23:56:21
0,810,3.49,34.728,1624.0,-8.2858,107.0376,2025-01-31 23:56:21
0,811,3.468,34.73,1626.0,-8.2858,107.0376,2025-01-31 23:56:21
0,812,3.465,34.731,1628.0,-8.2858,107.0376,2025-01-31 23:56:21
0,813,3.465,34.731,1630.0,-8.2858,107.0376,2025-01-31 23:56:21
0,814,3.463,34.732,1632.0,-8.2858,107.0376,2025-01-31 23:56:21
0,815,3.455,34.735,1634.0,-8.2858,107.0376,2025-01-31 23:56:21
0,816,3.442,34.736,1636.0,-8.2858,107.0376,2025-01-31 23:56:21
0,817,3.429,34.736,1638.0,-8.2858,107.0376,2025-01-31 23:56:21
0,818,3.417,34.736,1640.0,-8.2858,107.0376,2025-01-31 23:56:21
0,819,3.407,34.736,1642.0,-8.2858,107.0376,2025-01-31 23:56:21
0,820,3.405,34.737,1644.0,-8.2858,107.0376,2025-01-31 23:56:21
0,821,3.402,34.736,1646.0,-8.2858,107.0376,2025-01-31 23:56:21
0,822,3.397,34.736,1648.0,-8.2858,107.0376,2025-01-31 23:56:21
0,823,3.385,34.736,1650.0,-8.2858,107.0376,2025-01-31 23:56:21
0,824,3.377,34.736,1652.0,-8.2858,107.0376,2025-01-31 23:56:21
0,825,3.363,34.734,1654.0,-8.2858,107.0376,2025-01-31 23:56:21
0,826,3.353,34.734,1656.0,-8.2858,107.0376,2025-01-31 23:56:21
0,827,3.34,34.733,1658.0,-8.2858,107.0376,2025-01-31 23:56:21
0,828,3.334,34.733,1660.0,-8.2858,107.0376,2025-01-31 23:56:21
0,829,3.327,34.733,1662.0,-8.2858,107.0376,2025-01-31 23:56:21
0,830,3.321,34.732,1664.0,-8.2858,107.0376,2025-01-31 23:56:21
0,831,3.315,34.732,1666.0,-8.2858,107.0376,2025-01-31 23:56:21
0,832,3.308,34.731,1668.0,-8.2858,107.0376,2025-01-31 23:56:21
0,833,3.292,34.73,1670.0,-8.2858,107.0376,2025-01-31 23:56:21
0,834,3.272,34.729,1672.0,-8.2858,107.0376,2025-01-31 23:56:21
0,835,3.264,34.728,1674.0,-8.2858,107.0376,2025-01-31 23:56:21
0,836,3.249,34.728,1676.0,-8.2858,107.0376,2025-01-31 23:56:21
0,837,3.236,34.726,1678.0,-8.2858,107.0376,2025-01-31 23:56:21
0,838,3.23,34.726,1680.0,-8.2858,107.0376,2025-01-31 23:56:21
0,839,3.227,34.725,1682.0,-8.2858,107.0376,2025-01-31 23:56:21
0,840,3.224,34.725,1684.0,-8.2858,107.0376,2025-01-31 23:56:21
0,841,3.22,34.725,1686.0,-8.2858,107.0376,2025-01-31 23:56:21
0,842,3.219,34.725,1688.0,-8.2858,107.0376,2025-01-31 23:56:21
0,843,3.213,34.725,1690.0,-8.2858,107.0376,2025-01-31 23:56:21
0,844,3.207,34.724,1692.0,-8.2858,107.0376,2025-01-31 23:56:21
0,845,3.205,34.724,1694.0,-8.2858,107.0376,2025-01-31 23:56:21
0,846,3.199,34.723,1696.0,-8.2858,107.0376,2025-01-31 23:56:21
0,847,3.197,34.723,1698.0,-8.2858,107.0376,2025-01-31 23:56:21
0,848,3.193,34.723,1700.0,-8.2858,107.0376,2025-01-31 23:56:21
0,849,3.188,34.722,1702.0,-8.2858,107.0376,2025-01-31 23:56:21
0,850,3.185,34.722,1704.0,-8.2858,107.0376,2025-01-31 23:56:21
0,851,3.184,34.722,1706.0,-8.2858,107.0376,2025-01-31 23:56:21
0,852,3.183,34.722,1708.0,-8.2858,107.0376,2025-01-31 23:56:21
0,853,3.181,34.722,1710.0,-8.2858,107.0376,2025-01-31 23:56:21
0,854,3.178,34.722,1712.0,-8.2858,107.0376,2025-01-31 23:56:21
0,855,3.176,34.722,1714.0,-8.2858,107.0376,2025-01-31 23:56:21
0,856,3.177,34.722,1716.0,-8.2858,107.0376,2025-01-31 23:56:21
0,857,3.176,34.722,1718.0,-8.2858,107.0376,2025-01-31 23:56:21
0,858,3.17,34.722,1720.0,-8.2858,107.0376,2025-01-31 23:56:21
0,859,3.16,34.722,1722.0,-8.2858,107.0376,2025-01-31 23:56:21
0,860,3.155,34.722,1724.0,-8.2858,107.0376,2025-01-31 23:56:21
0,861,3.151,34.721,1726.0,-8.2858,107.0376,2025-01-31 23:56:21
0,862,3.146,34.721,1728.0,-8.2858,107.0376,2025-01-31 23:56:21
0,863,3.141,34.721,1730.0,-8.2858,107.0376,2025-01-31 23:56:21
0,864,3.136,34.721,1732.0,-8.2858,107.0376,2025-01-31 23:56:21
0,865,3.132,34.721,1734.0,-8.2858,107.0376,2025-01-31 23:56:21
0,866,3.128,34.721,1736.0,-8.2858,107.0376,2025-01-31 23:56:21
0,867,3.127,34.721,1738.0,-8.2858,107.0376,2025-01-31 23:56:21
0,868,3.126,34.721,1740.0,-8.2858,107.0376,2025-01-31 23:56:21
0,869,3.124,34.721,1742.0,-8.2858,107.0376,2025-01-31 23:56:21
0,870,3.124,34.721,1744.0,-8.2858,107.0376,2025-01-31 23:56:21
0,871,3.124,34.722,1746.0,-8.2858,107.0376,2025-01-31 23:56:21
0,872,3.124,34.722,1748.0,-8.2858,107.0376,2025-01-31 23:56:21
0,873,3.124,34.723,1750.0,-8.2858,107.0376,2025-01-31 23:56:21
0,874,3.126,34.723,1752.0,-8.2858,107.0376,2025-01-31 23:56:21
0,875,3.123,34.724,1754.0,-8.2858,107.0376,2025-01-31 23:56:21
0,876,3.121,34.724,1756.0,-8.2858,107.0376,2025-01-31 23:56:21
0,877,3.123,34.724,1758.0,-8.2858,107.0376,2025-01-31 23:56:21
0,878,3.117,34.725,1760.0,-8.2858,107.0376,2025-01-31 23:56:21
0,879,3.111,34.725,1762.0,-8.2858,107.0376,2025-01-31 23:56:21
0,880,3.101,34.726,1764.0,-8.2858,107.0376,2025-01-31 23:56:21
0,881,3.098,34.727,1766.0,-8.2858,107.0376,2025-01-31 23:56:21
0,882,3.091,34.727,1768.0,-8.2858,107.0376,2025-01-31 23:56:21
0,883,3.089,34.727,1770.0,-8.2858,107.0376,2025-01-31 23:56:21
0,884,3.086,34.727,1772.0,-8.2858,107.0376,2025-01-31 23:56:21
0,885,3.085,34.727,1774.0,-8.2858,107.0376,2025-01-31 23:56:21
0,886,3.083,34.727,1776.0,-8.2858,107.0376,2025-01-31 23:56:21
0,887,3.08,34.727,1778.0,-8.2858,107.0376,2025-01-31 23:56:21
0,888,3.078,34.727,1780.0,-8.2858,107.0376,2025-01-31 23:56:21
0,889,3.074,34.727,1782.0,-8.2858,107.0376,2025-01-31 23:56:21
0,890,3.062,34.727,1784.0,-8.2858,107.0376,2025-01-31 23:56:21
0,891,3.051,34.727,1786.0,-8.2858,107.0376,2025-01-31 23:56:21
0,892,3.042,34.727,1788.0,-8.2858,107.0376,2025-01-31 23:56:21
0,893,3.03,34.728,1790.0,-8.2858,107.0376,2025-01-31 23:56:21
0,894,3.013,34.728,1792.0,-8.2858,107.0376,2025-01-31 23:56:21
0,895,3.004,34.727,1794.0,-8.2858,107.0376,2025-01-31 23:56:21
0,896,2.999,34.727,1796.0,-8.2858,107.0376,2025-01-31 23:56:21
0,897,2.988,34.727,1798.0,-8.2858,107.0376,2025-01-31 23:56:21
0,898,2.985,34.727,1800.0,-8.2858,107.0376,2025-01-31 23:56:21
0,899,2.984,34.727,1802.0,-8.2858,107.0376,2025-01-31 23:56:21
0,900,2.983,34.727,1804.0,-8.2858,107.0376,2025-01-31 23:56:21
0,901,2.979,34.727,1806.0,-8.2858,107.0376,2025-01-31 23:56:21
0,902,2.974,34.727,1808.0,-8.2858,107.0376,2025-01-31 23:56:21
0,903,2.969,34.727,1810.0,-8.2858,107.0376,2025-01-31 23:56:21
0,904,2.96,34.727,1812.0,-8.2858,107.0376,2025-01-31 23:56:21
0,905,2.957,34.727,1814.0,-8.2858,107.0376,2025-01-31 23:56:21
0,906,2.952,34.726,1816.0,-8.2858,107.0376,2025-01-31 23:56:21
0,907,2.945,34.727,1818.0,-8.2858,107.0376,2025-01-31 23:56:21
0,908,2.942,34.727,1820.0,-8.2858,107.0376,2025-01-31 23:56:21
0,909,2.936,34.728,1822.0,-8.2858,107.0376,2025-01-31 23:56:21
0,910,2.927,34.728,1824.0,-8.2858,107.0376,2025-01-31 23:56:21
0,911,2.925,34.728,1826.0,-8.2858,107.0376,2025-01-31 23:56:21
0,912,2.925,34.728,1828.0,-8.2858,107.0376,2025-01-31 23:56:21
0,913,2.923,34.728,1830.0,-8.2858,107.0376,2025-01-31 23:56:21
0,914,2.921,34.728,1832.0,-8.2858,107.0376,2025-01-31 23:56:21
0,915,2.916,34.728,1834.0,-8.2858,107.0376,2025-01-31 23:56:21
0,916,2.906,34.728,1836.0,-8.2858,107.0376,2025-01-31 23:56:21
0,917,2.903,34.728,1838.0,-8.2858,107.0376,2025-01-31 23:56:21
0,918,2.901,34.728,1840.0,-8.2858,107.0376,2025-01-31 23:56:21
0,919,2.898,34.728,1842.0,-8.2858,107.0376,2025-01-31 23:56:21
0,920,2.895,34.728,1844.0,-8.2858,107.0376,2025-01-31 23:56:21
0,921,2.892,34.727,1846.0,-8.2858,107.0376,2025-01-31 23:56:21
0,922,2.886,34.727,1848.0,-8.2858,107.0376,2025-01-31 23:56:21
0,923,2.878,34.727,1850.0,-8.2858,107.0376,2025-01-31 23:56:21
0,924,2.873,34.727,1852.0,-8.2858,107.0376,2025-01-31 23:56:21
0,925,2.869,34.727,1854.0,-8.2858,107.0376,2025-01-31 23:56:21
0,926,2.867,34.727,1856.0,-8.2858,107.0376,2025-01-31 23:56:21
0,927,2.865,34.727,1858.0,-8.2858,107.0376,2025-01-31 23:56:21
0,928,2.863,34.727,1860.0,-8.2858,107.0376,2025-01-31 23:56:21
0,929,2.862,34.727,1862.0,-8.2858,107.0376,2025-01-31 23:56:21
0,930,2.859,34.727,1864.0,-8.2858,107.0376,2025-01-31 23:56:21
0,931,2.852,34.727,1866.0,-8.2858,107.0376,2025-01-31 23:56:21
0,932,2.85,34.726,1868.0,-8.2858,107.0376,2025-01-31 23:56:21
0,933,2.845,34.726,1870.0,-8.2858,107.0376,2025-01-31 23:56:21
0,934,2.841,34.727,1872.0,-8.2858,107.0376,2025-01-31 23:56:21
0,935,2.839,34.727,1874.0,-8.2858,107.0376,2025-01-31 23:56:21
0,936,2.835,34.726,1876.0,-8.2858,107.0376,2025-01-31 23:56:21
0,937,2.826,34.727,1878.0,-8.2858,107.0376,2025-01-31 23:56:21
0,938,2.821,34.726,1880.0,-8.2858,107.0376,2025-01-31 23:56:21
0,939,2.82,34.726,1882.0,-8.2858,107.0376,2025-01-31 23:56:21
0,940,2.819,34.726,1884.0,-8.2858,107.0376,2025-01-31 23:56:21
0,941,2.819,34.726,1886.0,-8.2858,107.0376,2025-01-31 23:56:21
0,942,2.818,34.726,1888.0,-8.2858,107.0376,2025-01-31 23:56:21
0,943,2.818,34.726,1890.0,-8.2858,107.0376,2025-01-31 23:56:21
0,944,2.816,34.726,1892.0,-8.2858,107.0376,2025-01-31 23:56:21
0,945,2.815,34.727,1894.0,-8.2858,107.0376,2025-01-31 23:56:21
0,946,2.814,34.727,1896.0,-8.2858,107.0376,2025-01-31 23:56:21
0,947,2.813,34.727,1898.0,-8.2858,107.0376,2025-01-31 23:56:21
0,948,2.811,34.727,1900.0,-8.2858,107.0376,2025-01-31 23:56:21
0,949,2.808,34.728,1902.0,-8.2858,107.0376,2025-01-31 23:56:21
0,950,2.804,34.729,1904.0,-8.2858,107.0376,2025-01-31 23:56:21
0,951,2.801,34.728,1906.0,-8.2858,107.0376,2025-01-31 23:56:21
0,952,2.796,34.728,1908.0,-8.2858,107.0376,2025-01-31 23:56:21
0,953,2.793,34.728,1910.0,-8.2858,107.0376,2025-01-31 23:56:21
0,954,2.79,34.729,1912.0,-8.2858,107.0376,2025-01-31 23:56:21
0,955,2.786,34.729,1914.0,-8.2858,107.0376,2025-01-31 23:56:21
0,956,2.785,34.729,1916.0,-8.2858,107.0376,2025-01-31 23:56:21
0,957,2.78,34.73,1918.0,-8.2858,107.0376,2025-01-31 23:56:21
0,958,2.776,34.73,1920.0,-8.2858,107.0376,2025-01-31 23:56:21
0,959,2.775,34.73,1922.1,-8.2858,107.0376,2025-01-31 23:56:21
0,960,2.774,34.73,1924.0,-8.2858,107.0376,2025-01-31 23:56:21
0,961,2.771,34.73,1926.0,-8.2858,107.0376,2025-01-31 23:56:21
0,962,2.765,34.73,1928.0,-8.2858,107.0376,2025-01-31 23:56:21
0,963,2.764,34.73,1930.0,-8.2858,107.0376,2025-01-31 23:56:21
0,964,2.762,34.73,1932.0,-8.2858,107.0376,2025-01-31 23:56:21
0,965,2.76,34.73,1934.0,-8.2858,107.0376,2025-01-31 23:56:21
0,966,2.754,34.73,1936.0,-8.2858,107.0376,2025-01-31 23:56:21
0,967,2.735,34.73,1938.0,-8.2858,107.0376,2025-01-31 23:56:21
0,968,2.722,34.73,1940.0,-8.2858,107.0376,2025-01-31 23:56:21
0,969,2.715,34.73,1942.0,-8.2858,107.0376,2025-01-31 23:56:21
0,970,2.709,34.731,1944.0,-8.2858,107.0376,2025-01-31 23:56:21
0,971,2.699,34.731,1946.0,-8.2858,107.0376,2025-01-31 23:56:21
0,972,2.696,34.731,1948.0,-8.2858,107.0376,2025-01-31 23:56:21
0,973,2.695,34.731,1950.0,-8.2858,107.0376,2025-01-31 23:56:21
0,974,2.694,34.731,1952.0,-8.2858,107.0376,2025-01-31 23:56:21
0,975,2.692,34.731,1954.0,-8.2858,107.0376,2025-01-31 23:56:21
0,976,2.691,34.731,1956.0,-8.2858,107.0376,2025-01-31 23:56:21
0,977,2.688,34.731,1958.0,-8.2858,107.0376,2025-01-31 23:56:21
0,978,2.683,34.731,1960.0,-8.2858,107.0376,2025-01-31 23:56:21
0,979,2.671,34.731,1962.0,-8.2858,107.0376,2025-01-31 23:56:21
0,980,2.67,34.731,1964.2,-8.2858,107.0376,2025-01-31 23:56:21
0,981,2.67,34.73,1965.1,-8.2858,107.0376,2025-01-31 23:56:21
1,0,28.758,34.78,3.1,-0.6992616666666667,77.99821166666666,2025-01-31 23:51:30
1,1,28.756,34.779,3.9,-0.6992616666666667,77.99821166666666,2025-01-31 23:51:30
1,2,28.754,34.781,4.7,-0.6992616666666667,77.99821166666666,2025-01-31 23:51:30
1,3,28.76,34.779,5.9,-0.6992616666666667,77.99821166666666,2025-01-31 23:51:30
1,4,28.759,34.78,7.1,-0.6992616666666667,77.99821166666666,2025-01-31 23:51:30
1,5,28.759,34.78,7.9,-0.6992616666666667,77.99821166666666,2025-01-31 23:51:30
1,6,28.757,34.78,8.8,-0.6992616666666667,77.99821166666666,2025-01-31 23:51:30
1,7,28.753,34.781,9.7,-0.6992616666666667,77.99821166666666,2025-01-31 23:51:30
1,8,28.758,34.779,10.9,-0.6992616666666667,77.99821166666666,2025-01-31 23:51:30
1,9,28.734,34.782,12.4,-0.6992616666666667,77.99821166666666,2025-01-31 23:51:30
1,10,28.737,34.783,13.4,-0.6992616666666667,77.99821166666666,2025-01-31 23:51:30
1,11,28.732,34.782,14.4,-0.6992616666666667,77.99821166666666,2025-01-31 23:51:30
1,12,28.731,34.781,15.3,-0.6992616666666667,77.99821166666666,2025-01-31 23:51:30
1,13,28.712,34.788,16.2,-0.6992616666666667,77.99821166666666,2025-01-31 23:51:30
1,14,28.693,34.785,17.2,-0.6992616666666667,77.99821166666666,2025-01-31 23:51:30
1,15,28.685,34.786,18.1,-0.6992616666666667,77.99821166666666,2025-01-31 23:51:30
1,16,28.681,34.785,19.0,-0.6992616666666667,77.99821166666666,2025-01-31 23:51:30
1,17,28.671,34.788,19.9,-0.6992616666666667,77.99821166666666,2025-01-31 23:51:30
